rank	openalex_id	year	doi	title	venue	type	abstract
1	W3148563252	2021	https://doi.org/10.1109/jproc.2021.3065238	Tropical Geometry and Machine Learning	Proceedings of the IEEE	article	Tropical geometry is a relatively recent field in mathematics and computer science, combining elements of algebraic geometry and polyhedral geometry. The scalar arithmetic of its analytic part preexisted in the form of max-plus and min-plus semiring arithmetic used in finite automata, nonlinear image processing, convex analysis, nonlinear control, optimization, and idempotent mathematics. Tropical geometry recently emerged in the analysis and extension of several classes of problems and systems in both classical machine learning and deep learning. Three such areas include: 1) deep neural networks with piecewise linear (PWL) activation functions; 2) probabilistic graphical models; and 3) nonlinear regression with PWL functions. In this article, we first summarize introductory ideas and objects of tropical geometry, providing a theoretical framework for both the max-plus algebra that underlies tropical geometry and its extensions to general max algebras. This unifies scalar and vector/signal operations over a class of nonlinear spaces, called weighted lattices, and allows us to provide optimal solutions for algebraic equations used in tropical geometry and generalize tropical geometric objects. Then, we survey the state of the art and recent progress in the aforementioned areas. First, we illustrate a purely geometric approach for studying the representation power of neural networks with PWL activations. Then, we review the tropical geometric analysis of parametric statistical models, such as HMMs; later, we focus on the Viterbi algorithm and related methods for weighted finite-state transducers and provide compact and elegant representations via their formal tropical modeling. Finally, we provide optimal solutions and an efficient algorithm for the convex regression problem, using concepts and tools from tropical geometry and max-plus algebra. Throughout this article, we also outline problems and future directions in machine learning that can benefit from the tropical-geometric point of view.
2	W3127861532	2021	https://doi.org/10.1155/2021/6679512	Involvement of Machine Learning Tools in Healthcare Decision Making	Journal of Healthcare Engineering	article	In the present day, there are many diseases which need to be identified at their early stages to start relevant treatments. If not, they could be uncurable and deadly. Due to this reason, there is a need of analysing complex medical data, medical reports, and medical images at a lesser time but with greater accuracy. There are even some instances where certain abnormalities cannot be directly recognized by humans. In healthcare for computational decision making, machine learning approaches are being used in these types of situations where a crucial data analysis needs to be performed on medical data to reveal hidden relationships or abnormalities which are not visible to humans. Implementing algorithms to perform such tasks itself is difficult, but what makes it even more challenging is to increase the accuracy of the algorithm while decreasing the required time for the algorithm to execute. In the early days, processing of large amount of medical data was an important task which resulted in machine learning being adapted in the biological domain. Since this happened, the biology and biomedical fields have been reaching higher levels by exploring more knowledge and identifying relationships which were never observed before. Reaching to its peak now the concern is being diverted towards treating patients not only based on the type of disease but also their genetics, which is known as precision medicine. Modifications in machine learning algorithms are being performed and tested daily to improve the performance of the algorithms in analysing and presenting more accurate information. In the healthcare field, starting from information extraction from medical documents until the prediction or diagnosis of a disease, machine learning has been involved. Medical imaging is a section that was greatly improved with the integration of machine learning algorithms to the field of computational biology. Nowadays, many disease diagnoses are being performed by medical image processing using machine learning algorithms. In addition, patient care, resource allocation, and research on treatments for various diseases are also being performed using machine learning-based computational decision making. Throughout this paper, various machine learning algorithms and approaches that are being used for decision making in the healthcare sector will be discussed along with the involvement of machine learning in healthcare applications in the current context. With the explored knowledge, it was evident that neural network-based deep learning methods have performed extremely well in the field of computational biology with the support of the high processing power of modern sophisticated computers and are being extensively applied because of their high predicting accuracy and reliability. When giving concern towards the big picture by combining the observations, it is noticeable that computational biology and biomedicine-based decision making in healthcare have now become dependent on machine learning algorithms, and thus they cannot be separated from the field of artificial intelligence.
3	W2783342267	2018		Spiking Deep Neural Networks: Engineered and Biological Approaches to Object Recognition	UWSpace (University of Waterloo)	dissertation	Modern machine learning models are beginning to rival human performance on some realistic object recognition tasks, but we still lack a full understanding of how the human brain solves this same problem. This thesis combines knowledge from machine learning and computational neuroscience to create models of human object recognition that are increasingly realistic both in their treatment of low-level neural mechanisms and in their reproduction of high-level human behaviour.&#13;\n&#13;\nFirst, I present extensions to the Neural Engineering Framework to make its preferred type of model---the “fixed-encoding” network---more accurate for object recognition tasks. These extensions include better distributions---such as Gabor filters---for the encoding weights, and better loss functions---namely weighted squared loss, softmax loss, and hinge loss---to solve for decoding weights.&#13;\n&#13;\nSecond, I introduce increased biological realism into deep convolutional neural networks trained with backpropagation, by training them to run using spiking leaky integrate-and-fire (LIF) neurons. These models have been successful in machine learning, and I am able to convert them to spiking networks while retaining similar levels of performance. I present a novel method to smooth the LIF rate response function in order to avoid the common problems associated with differentiating spiking neurons in general and LIF neurons in particular. I also derive a number of novel characterizations of spiking variability, and use these to train spiking networks to be more robust to this variability.&#13;\n&#13;\nFinally, to address the problems with implementing backpropagation in a biological system, I train spiking deep neural networks using the more biological Feedback Alignment algorithm. I examine this algorithm in depth, including many variations on the core algorithm, methods to train using non-differentiable spiking neurons, and some of the limitations of the algorithm. Using these findings, I construct a spiking model that learns online in a biologically realistic manner.&#13;\n&#13;\nThe models developed in this thesis help to explain both how spiking neurons in the brain work together to allow us to recognize complex objects, and how the brain may learn this behaviour. Their spiking nature allows them to be implemented on highly efficient neuromorphic hardware, opening the door to object recognition on energy-limited devices such as cell phones and mobile robots.
4	W2992693294	2020	https://doi.org/10.1613/jair.1.12007	Neural Machine Translation: A Review	Journal of Artificial Intelligence Research	article	The field of machine translation (MT), the automatic translation of written text from one natural language into another, has experienced a major paradigm shift in recent years. Statistical MT, which mainly relies on various count-based models and which used to dominate MT research for decades, has largely been superseded by neural machine translation (NMT), which tackles translation with a single neural network. In this work we will trace back the origins of modern NMT architectures to word and sentence embeddings and earlier examples of the encoder-decoder network family. We will conclude with a short survey of more recent trends in the field.
5	W2963809789	2018		PacGAN: The power of two samples in generative adversarial networks	Illinois Digital Environment for Access to Learning and Scholarship (University of Illinois at Urbana-Champaign)	dissertation	Generative adversarial networks (GANs) are innovative techniques for learning generative models of complex data distributions from samples. Despite remarkable recent improvements in generating realistic images, one of their major shortcomings is the fact that in practice, they tend to produce samples with little diversity, even when trained on diverse datasets. This phenomenon, known as mode collapse, has been the main focus of several recent advances in GANs. Yet there is little understanding of why mode collapse happens and why existing approaches are able to mitigate mode collapse. We propose a principled approach to handling mode collapse, which we call {\\em packing}. The main idea is to modify the discriminator to make decisions based on multiple samples from the same class, either real or artificially generated. We borrow analysis tools from binary hypothesis testing---in particular the seminal result of Blackwell \\cite{Bla53}---to prove a fundamental connection between packing and mode collapse. We show that packing naturally penalizes generators with mode collapse, thereby favoring generator distributions with less mode collapse during the training process. Numerical experiments on benchmark datasets suggests that packing provides significant improvements in practice as well.
6	W1898975195	2015		Assisting the training of deep neural networks with applications to computer vision	Tesis Doctorals en Xarxa (Consorci de Serveis Universitaris de Catalunya)	dissertation	Deep learning has recently been enjoying an increasing popularity due to its success in solving challenging tasks. In particular, deep learning has proven to be effective in a large variety of computer vision tasks, such as image classification, object recognition and image parsing. Contrary to previous research, which required engineered feature representations, designed by experts, in order to succeed, deep learning attempts to learn representation hierarchies automatically from data. More recently, the trend has been to go deeper with representation hierarchies. Learning (very) deep representation hierarchies is a challenging task, which involves the optimization of highly non- convex functions. Therefore, the search for algorithms to ease the learning of (very) deep representation hierarchies from data is extensive and ongoing. In this thesis, we tackle the challenging problem of easing the learning of (very) deep representation hierarchies. We present a hyper-parameter free, off-the-shelf, simple and fast unsupervised algorithm to discover hidden structure from the input data by enforcing a very strong form of sparsity. We study the applicability and potential of the algorithm to learn representations of varying depth in a handful of applications and domains, highlighting the ability of the algorithm to provide discriminative feature representations that are able to achieve top performance. Yet, while emphasizing the great value of unsupervised learning methods when labeled data is scarce, the recent industrial success of deep learning has revolved around supervised learning. Supervised learning is currently the focus of many recent research advances, which have shown to excel at many computer vision tasks. Top performing systems often involve very large and deep models, which are not well suited for applications with time or memory limitations. More in line with the current trends, we engage in making top performing models more efficient, by designing very deep and thin models. Since training such very deep models still appears to be a challenging task, we introduce a novel algorithm that guides the training of very thin and deep models by hinting their intermediate representations. Very deep and thin models trained by the proposed algorithm end up extracting feature representations that are comparable or even better performing than the ones extracted by large state-of-the-art models, while compellingly reducing the time and memory consumption of the model.
7	W4367694158	2023	https://doi.org/10.48550/arxiv.2305.00241	When Deep Learning Meets Polyhedral Theory: A Survey	arXiv (Cornell University)	preprint	In the past decade, deep learning became the prevalent methodology for predictive modeling thanks to the remarkable accuracy of deep neural networks in tasks such as computer vision and natural language processing. Meanwhile, the structure of neural networks converged back to simpler representations based on piecewise constant and piecewise linear functions such as the Rectified Linear Unit (ReLU), which became the most commonly used type of activation function in neural networks. That made certain types of network structure $\unicode{x2014}$such as the typical fully-connected feedforward neural network$\unicode{x2014}$ amenable to analysis through polyhedral theory and to the application of methodologies such as Linear Programming (LP) and Mixed-Integer Linear Programming (MILP) for a variety of purposes. In this paper, we survey the main topics emerging from this fast-paced area of work, which bring a fresh perspective to understanding neural networks in more detail as well as to applying linear optimization techniques to train, verify, and reduce the size of such networks.
8	W3008747961	2019	https://doi.org/10.17863/cam.49422	The Roles of Language Models and Hierarchical Models in Neural Sequence-to-Sequence Prediction	Apollo (University of Cambridge)	dissertation	With the advent of deep learning, research in many areas of machine learning is converging towards the same set of methods and models. For example, long short-term memory networks are not only popular for various tasks in natural language processing (NLP) such as speech recognition, machine translation, handwriting recognition, syntactic parsing, etc., but they are also applicable to seemingly unrelated fields such as robot control, time series prediction, and bioinformatics. Recent advances in contextual word embeddings like BERT boast with achieving state-of-the-art results on 11 NLP tasks with the same model. Before deep learning, a speech recognizer and a syntactic parser used to have little in common as systems were much more tailored towards the task at hand. At the core of this development is the tendency to view each task as yet another data mapping problem, neglecting the particular characteristics and (soft) requirements tasks often have in practice. This often goes along with a sharp break of deep learning methods with previous research in the specific area. This work can be understood as an antithesis to this paradigm. We show how traditional symbolic statistical machine translation models can still improve neural machine translation (NMT) while reducing the risk for common pathologies of NMT such as hallucinations and neologisms. Other external symbolic models such as spell checkers and morphology databases help neural grammatical error correction. We also focus on language models that often do not play a role in vanilla end-to-end approaches and apply them in different ways to word reordering, grammatical error correction, low-resource NMT, and document-level NMT. Finally, we demonstrate the benefit of hierarchical models in sequence-to-sequence prediction. Hand-engineered covering grammars are effective in preventing catastrophic errors in neural text normalization systems. Our operation sequence model for interpretable NMT represents translation as a series of actions that modify the translation state, and can also be seen as derivation in a formal grammar.
9	W2270630423	2014	https://doi.org/10.71781/10505	On Recurrent and Deep Neural Networks	Papyrus : Institutional Repository (Université de Montréal)	dissertation	L'apprentissage profond est un domaine de recherche en forte croissance en apprentissage automatique qui est parvenu à des résultats impressionnants dans différentes tâches allant de la classification d'images à la parole, en passant par la modélisation du langage. Les réseaux de neurones récurrents, une sous-classe d'architecture profonde, s'avèrent particulièrement prometteurs. Les réseaux récurrents peuvent capter la structure temporelle dans les données. Ils ont potentiellement la capacité d'apprendre des corrélations entre des événements éloignés dans le temps et d'emmagasiner indéfiniment des informations dans leur mémoire interne. Dans ce travail, nous tentons d'abord de comprendre pourquoi la profondeur est utile. Similairement à d'autres travaux de la littérature, nos résultats démontrent que les modèles profonds peuvent être plus efficaces pour représenter certaines familles de fonctions comparativement aux modèles peu profonds. Contrairement à ces travaux, nous effectuons notre analyse théorique sur des réseaux profonds acycliques munis de fonctions d'activation linéaires par parties, puisque ce type de modèle est actuellement l'état de l'art dans différentes tâches de classification. La deuxième partie de cette thèse porte sur le processus d'apprentissage. Nous analysons quelques techniques d'optimisation proposées récemment, telles l'optimisation Hessian free, la descente de gradient naturel et la descente des sous-espaces de Krylov. Nous proposons le cadre théorique des méthodes à région de confiance généralisées et nous montrons que plusieurs de ces algorithmes développés récemment peuvent être vus dans cette perspective. Nous argumentons que certains membres de cette famille d'approches peuvent être mieux adaptés que d'autres à l'optimisation non convexe. La dernière partie de ce document se concentre sur les réseaux de neurones récurrents. Nous étudions d'abord le concept de mémoire et tentons de répondre aux questions suivantes: Les réseaux récurrents peuvent-ils démontrer une mémoire sans limite? Ce comportement peut-il être appris? Nous montrons que cela est possible si des indices sont fournis durant l'apprentissage. Ensuite, nous explorons deux problèmes spécifiques à l'entraînement des réseaux récurrents, à savoir la dissipation et l'explosion du gradient. Notre analyse se termine par une solution au problème d'explosion du gradient qui implique de borner la norme du gradient. Nous proposons également un terme de régularisation conçu spécifiquement pour réduire le problème de dissipation du gradient. Sur un ensemble de données synthétique, nous montrons empiriquement que ces mécanismes peuvent permettre aux réseaux récurrents d'apprendre de façon autonome à mémoriser des informations pour une période de temps indéfinie. Finalement, nous explorons la notion de profondeur dans les réseaux de neurones récurrents. Comparativement aux réseaux acycliques, la définition de profondeur dans les réseaux récurrents est souvent ambiguë. Nous proposons différentes façons d'ajouter de la profondeur dans les réseaux récurrents et nous évaluons empiriquement ces propositions.
10	W4322618495	2023	https://doi.org/10.48550/arxiv.2302.12553	Lower Bounds on the Depth of Integral ReLU Neural Networks via Lattice Polytopes	arXiv (Cornell University)	preprint	We prove that the set of functions representable by ReLU neural networks with integer weights strictly increases with the network depth while allowing arbitrary width. More precisely, we show that $\lceil\log_2(n)\rceil$ hidden layers are indeed necessary to compute the maximum of $n$ numbers, matching known upper bounds. Our results are based on the known duality between neural networks and Newton polytopes via tropical geometry. The integrality assumption implies that these Newton polytopes are lattice polytopes. Then, our depth lower bounds follow from a parity argument on the normalized volume of faces of such polytopes.
11	W4414847046	2025	https://doi.org/10.1007/s40808-025-02630-6	Activation function impact on rainfall prediction: comparative insights across ML and DL architectures	Modeling Earth Systems and Environment	article	Abstract Rainfall prediction is critical in agriculture, water resource management, transportation, and disaster planning. As a critical component of the hydrological cycle, precisely forecasting daily rainfall helps to lessen the effects of floods, droughts, and other extreme weather events. However, due to the nonlinear and complicated interaction of meteorological factors, daily rainfall forecast remains a grim problem. The proposed work adopts a systematic deep learning-based framework, integrating Long Short-Term Memory (LSTM) and Bidirectional LSTM (BiLSTM) models and Transformers to predict the rainfall of the next day. Besides deep models, a few machine learning classifiers, such as the Logistic Regression (LR), Support Vector Machines (SVM), and the K-Nearest Neighbor (KNN) will be applied to benchmark the performance.One of the main insights in this study is the systematic comparison of a wide variety of activation functions, such as Sigmoid, ReLU, Tanh, Swish, Leaky ReLU, and ELU to measure their effects on model accuracy, convergence, and generalization performance. An experiment was employed on real-life rainfall of the USA dataset, which proved the efficiency of using the BiLSTM model and ReLU and Leaky ReLU activation functions to achieve up to 99% accuracy, whereas Transformer model was also efficient as it obtain up to 98%, but it was not stable and showed a tendency towards occasional instability during the training process. On the contrary, traditional machine learning models displayed an intermediate predictive accuracy, with average accuracies of approximately 87%. Significantly, the results were validated through multi-seed experiments with confidence intervals and baseline benchmarks, demonstrating that the near-perfect scores were not incidental but consistently stable across different initializations. This study provides a new theoretical standpoint in terms of activation functions in deep sequence models as it studies beneficiaries and shortcomings through a mathematical point of view. The results highlight that activation function selection can have an important impact on the accuracy of forecasts and can be significant in building more accurate, scalable, and general learning subroutines in weather predictions.
12	W3037264106	2020	https://doi.org/10.1109/access.2020.3004591	SSCV-GANs: Semi-Supervised Complex-Valued GANs for PolSAR Image Classification	IEEE Access	article	Polarimetric synthetic aperture radar (PolSAR) image classification has been widely applied in many fields, such as agriculture, meteorology and military. However, some problems, such as the deficiency of labeled data and the underutilization of data information, are always the challenges that can not be ignored in PolSAR image classification. In this paper, a semi-supervised complex-valued generative adversarial networks (SSCV-GANs) is proposed for the first time to address the two issues mentioned above simultaneously. On the one hand, the complex-valued model conforms with the physical mechanism of PolSAR data and it plays an important role for retaining and utilizing amplitude and phase information of PolSAR data. On the other hand, we also present a new complex-valued GANs together with semi-supervised learning to alleviate the problem of insufficient labeled data. Specifically, our complex-valued GANs expands the training data set by generating fake data. Flevoland data and San Francisco data are used to validate the effectiveness of our model. Experimental results show that our model outperforms existing state-of-the-art models in terms of classification accuracy, especially for conditions with fewer labeled data. In particular, the analysis of the statistical distribution of the generated fake data and the real data further demonstrate the effectiveness of the proposed SSCV-GANs.
13	W2964296765	2018		Inductive Visual Localisation: Factorised Training for Superior Generalisation	Oxford University Research Archive (ORA) (University of Oxford)	other	End-to-end trained Recurrent Neural Networks (RNNs) have been successfully applied to numerous problems that require processing sequences, such as image captioning, machine translation, and text recognition. However, RNNs often struggle to generalise to sequences longer than the ones encountered during training. In this work, we propose to optimise neural networks explicitly for induction. The idea is to first decompose the problem in a sequence of inductive steps and then to explicitly train the RNN to reproduce such steps. Generalisation is achieved as the RNN is not allowed to learn an arbitrary internal state; instead, it is tasked with mimicking the evolution of a valid state. In particular, the state is restricted to a spatial memory map that tracks parts of the input image which have been accounted for in previous steps. The RNN is trained for single inductive steps, where it produces updates to the memory in addition to the desired output. We evaluate our method on two different visual recognition problems involving visual sequences: (1) text spotting, i.e. joint localisation and reading of text in images containing multiple lines (or a block) of text, and (2) sequential counting of objects in aerial images. We show that inductive training of recurrent models enhances their generalisation ability on challenging image datasets.
14	W4240217567	2019	https://doi.org/10.18653/v1/w19-39	Proceedings of the Workshop on Deep Learning and Formal Languages: Building Bridges		paratext	This work attempts to explain the types of computation that neural networks can perform by relating them to automata. We first define what it means for a real-time network with bounded precision to accept a language. A measure of network memory follows from this definition. We then characterize the classes of languages acceptable by various recurrent networks, attention, and convolutional networks. We find that LSTMs function like counter machines and relate convolutional networks to the subregular hierarchy. Overall, this work attempts to increase our understanding and ability to interpret neural networks through the lens of theory. These theoretical insights help explain neural computation, as well as the relationship between neural networks and natural language grammar.
15	W7128115783	2026		Deep-ICE:The first globally optimal algorithm for empirical risk minimization of two-layer maxout and ReLU networks	University of Birmingham Research Portal (University of Birmingham)	conference-paper	This paper introduces the first globally optimal algorithm for the empirical risk minimization problem of two-layer maxout and ReLU networks, i.e., minimizing the number of misclassifications. The algorithm has a worst-case time complexity of <i>O</i>(<i>N</i><sup><i>DK</i>+1</sup>), where <i>K</i> denotes the number of hidden neurons and <i>D</i> represents the number of features. It can be can be generalized to accommodate arbitrary computable loss functions without affecting its computational complexity. Our experiments demonstrate that the proposed algorithm provides provably exact solutions for small-scale datasets. To handle larger datasets, we introduce a heuristic method that reduces the data size to a manageable scale, making it feasible for our algorithm. This extension enables efficient processing of large-scale datasets and achieves significantly improved performance in both training and prediction, compared to state-of-the-art approaches (neural networks trained using gradient descent and support vector machines), when applied to the same models (two-layer networks with fixed hidden nodes and linear models).
16	W4417085269	2025	https://doi.org/10.48550/arxiv.2505.05740	Deep-ICE: the first globally optimal algorithm for minimizing 0-1 loss in two-layer ReLU and maxout networks	arXiv (Cornell University)	preprint	This paper introduces the first globally optimal algorithm for the empirical risk minimization problem of two-layer maxout and ReLU networks, i.e., minimizing the number of misclassifications. The algorithm has a worst-case time complexity of $O\left(N^{DK+1}\right)$, where $K$ denotes the number of hidden neurons and $D$ represents the number of features. It can be can be generalized to accommodate arbitrary computable loss functions without affecting its computational complexity. Our experiments demonstrate that the proposed algorithm provides provably exact solutions for small-scale datasets. To handle larger datasets, we introduce a novel coreset selection method that reduces the data size to a manageable scale, making it feasible for our algorithm. This extension enables efficient processing of large-scale datasets and achieves significantly improved performance, with a 20-30\% reduction in misclassifications for both training and prediction, compared to state-of-the-art approaches (neural networks trained using gradient descent and support vector machines), when applied to the same models (two-layer networks with fixed hidden nodes and linear models). The artifacts of the Deep-ICE algorithm can be found in https://github.com/XiHegrt/DeepICE-algorithm-artifacts.
17	W3082050613	2021	https://doi.org/10.18653/v1/2021.mrqa-1.2	Rethinking the Objectives of Extractive Question Answering		conference-paper	This work demonstrates that using the objective with independence assumption for modelling the span probability P (a s , a e ) = P (a s )P (a e ) of span starting at position a s and ending at position a e has adverse effects. Therefore we propose multiple approaches to modelling joint probability P (a s , a e ) directly. Among those, we propose a compound objective, composed from the joint probability while still keeping the objective with independence assumption as an auxiliary objective. We find that the compound objective is consistently superior or equal to other assumptions in exact match. Additionally, we identified common errors caused by the assumption of independence and manually checked the counterpart predictions, demonstrating the impact of the compound objective on the real examples. Our findings are supported via experiments with three extractive QA models (BIDAF, BERT, ALBERT) over six datasets and our code, individual results and manual analysis are available online 1 .
18	W3038429282	2020	https://doi.org/10.1109/ijcnn48605.2020.9206764	Enabling Continual Learning with Differentiable Hebbian Plasticity		conference-paper	Continual learning is the problem of sequentially learning new tasks or knowledge while protecting previously acquired knowledge. However, catastrophic forgetting poses a grand challenge for neural networks performing such learning process. Thus, neural networks that are deployed in the real world often struggle in scenarios where the data distribution is non-stationary (concept drift), imbalanced, or not always fully available, i.e., rare edge cases. We propose a Differentiable Hebbian Consolidation model which is composed of a Differentiable Hebbian Plasticity (DHP) Softmax layer that adds a rapid learning plastic component (compressed episodic memory) to the fixed (slow changing) parameters of the softmax output layer; enabling learned representations to be retained for a longer timescale. We demonstrate the flexibility of our method by integrating well-known task-specific synaptic consolidation methods to penalize changes in the slow weights that are important for each target task. We evaluate our approach on the Permuted MNIST, Split MNIST and Vision Datasets Mixture benchmarks, and introduce an imbalanced variant of Permuted MNIST - a dataset that combines the challenges of class imbalance and concept drift. Our proposed model requires no additional hyperparameters and outperforms comparable baselines by reducing forgetting.
19	W2516628012	2015		Automatic classification of alzheimer's disease from structural MRI	Duo Research Archive (University of Oslo)	dissertation	Annoying!The same old story!When one has finished one's house one realizes that while doing so one has learnt unawares something one absolutely had to know before one -
20	W2622764302	2017		Deep reinforcement learning for urban traffic light control	Espacio Tiempo y Forma Serie I Prehistoria y Arqueología	dissertation	Traffic light timing optimization is still an active line of research despite the wealth of scientific literature on the topic, and the problem remains unsolved for any non-toy scenario. One of the key issues with traffic light optimization is the large scale of the input information that is available for the controlling agent, namely all the traffic data that is continually sampled by the traffic detectors that cover the urban network. This issue has in the past forced researchers to focus on agents that work on localized parts of the traffic network, typically on individual intersections, and to coordinate every individual agent in a multi-agent setup. In order to overcome the large scale of the available state information, we propose to rely on the ability of deep Learning approaches to handle large input spaces, in the form of Deep Deterministic Policy Gradient (DDPG) algorithm. We performed several experiments with a range of models, from the very simple one (one intersection) to the more complex one (a big city section).
21	W2522152871	2015		Probabilistic Hashing Techniques For Big Data	eCommons (Cornell University)	dissertation	We investigate probabilistic hashing techniques for addressing computational and memory challenges in large scale machine learning and data mining systems. In this thesis, we show that the traditional idea of hashing goes far beyond near-neighbor search and there are some striking new possibilities. We show that hashing can improve state of the art large scale learning algorithms, and it goes beyond the conventional notions of pairwise similarities. Despite being a very well studied topic in literature, we found several opportunities for fundamentally improving some of the well know textbook hashing algorithms. In particular, we show that the traditional way of computing minwise hashes is unnecessarily expensive and without loosing anything we can achieve an order of magnitude speedup. We also found that for cosine similarity search there is a better scheme than SimHash. In the end, we show that the existing locality sensitive hashing framework itself is very restrictive, and we cannot have efficient algorithms for some important measures like inner products which are ubiquitous in machine learning. We propose asymmetric locality sensitive hashing (ALSH), an extended framework, where we show provable and practical efficient algorithms for Maximum Inner Product Search (MIPS). Having such an efficient solutions to MIPS directly scales up many popular machine learning algorithms. We believe that this thesis provides significant improvements to some of the heavily used subroutines in big-data systems, which we hope will be adopted.
22	W2298040312	2016	https://doi.org/10.4995/thesis/10251/61296	Contributions to Deep Learning Models		dissertation	1.1 Interpreting an image by extracting several intermediate representations. 2.1 Graphical representation of DNN model with two hidden layers. . . . 2.2 The Backpropagation algorithm for a neural network with two hidden layers. Note that bias terms have been ommited for simplicity. . . . . 2.3 Architecture of LeNet-5, a convolutional neural network for handwritten digits recognition. . . . . . . . . . . . . . . . . . . . . . . . . . . . 2.4 Graphical representation of the RBM model. The grey and the white units correspond to the hidden and the visible layers, respectively. . . 2.5 Representation of the Markov chain used by the Gibbs sampling in the CD algorithm. . . . . . . . . . . . . . . . . . . . . . . . . . . . . . . . 2.6 The sum of infinite copies of a sigmoid function with different bias can be approximated with the closed form function log (1 + e x ) denoted by the black line. The blue line represents the transfer function of a rectified linear unit. . . . . . . . . . . . .
23	W4399272164	2024	https://doi.org/10.48550/arxiv.2405.20174	Tropical Expressivity of Neural Networks	arXiv (Cornell University)	preprint	We propose an algebraic geometric framework to study the expressivity of linear activation neural networks. A particular quantity of neural networks that has been actively studied is the number of linear regions, which gives a quantification of the information capacity of the architecture. To study and evaluate information capacity and expressivity, we work in the setting of tropical geometry - a combinatorial and polyhedral variant of algebraic geometry - where there are known connections between tropical rational maps and feedforward neural networks. Our work builds on and expands this connection to capitalize on the rich theory of tropical geometry to characterize and study various architectural aspects of neural networks. Our contributions are threefold: we provide a novel tropical geometric approach to selecting sampling domains among linear regions; an algebraic result allowing for a guided restriction of the sampling domain for network architectures with symmetries; and a new open source OSCAR library to analyze neural networks symbolically using their tropical representations, where we present a new algorithm that computes the exact number of their linear regions. We provide a comprehensive set of proof-of-concept numerical experiments demonstrating the breadth of neural network architectures to which tropical geometric theory can be applied to reveal insights on expressivity characteristics of a network. Our work provides the foundations for the adaptation of both theory and existing software from computational tropical geometry and symbolic computation to neural networks and deep learning
24	W4415331449	2025	https://doi.org/10.48550/arxiv.2509.22849	Parameterized Hardness of Zonotope Containment and Neural Network Verification	arXiv (Cornell University)	preprint	Neural networks with ReLU activations are a widely used model in machine learning. It is thus important to have a profound understanding of the properties of the functions computed by such networks. Recently, there has been increasing interest in the (parameterized) computational complexity of determining these properties. In this work, we close several gaps and resolve an open problem posted by Froese et al. [COLT '25] regarding the parameterized complexity of various problems related to network verification. In particular, we prove that deciding positivity (and thus surjectivity) of a function $f\colon\mathbb{R}^d\to\mathbb{R}$ computed by a 2-layer ReLU network is W[1]-hard when parameterized by $d$. This result also implies that zonotope (non-)containment is W[1]-hard with respect to $d$, a problem that is of independent interest in computational geometry, control theory, and robotics. Moreover, we show that approximating the maximum within any multiplicative factor in 2-layer ReLU networks, computing the $L_p$-Lipschitz constant for $p\in(0,\infty]$ in 2-layer networks, and approximating the $L_p$-Lipschitz constant in 3-layer networks are NP-hard and W[1]-hard with respect to $d$. Notably, our hardness results are the strongest known so far and imply that the naive enumeration-based methods for solving these fundamental problems are all essentially optimal under the Exponential Time Hypothesis.
25	W4415619729	2025	https://doi.org/10.1038/s41598-025-21408-5	Introducing a hybrid intrusion detection method for IoT-cloud environments based on ResNeXt and improved Ebola optimization search algorithm	Scientific Reports	article	With the advent of IoT and its immense possibilities through cloud randomization, connectivity has matured almost out of proportion; yet this factor has equally opened various attack surfaces thereby rendering IoT-cloud environments vulnerable to multiple attacks. To address the issue, we introduce a versatile approach for hybrid intrusion diagnosis made possible through ResNeXt, a DCNN architecture noted for high efficiency and scalability in extracting features, and the Improved Ebola Optimization Search Algorithm (IEOSA), a novel metaheuristic optimizer fashioned after the spread dynamics of the Ebola virus, yet enhanced to offer speed and reliability in search performance. The proposed approach uses the comprehensive feature extraction ability of ResNeXt combined with the improved searching efficiency of the IEOSA to provide a superior method for the detection of anomalies and intrusions in an IoT-cloud environment. The network attained a detection accuracy of 98.3% and above 97% for recall, F1 score, and precision on standard datasets, including CICIDS 2017 and NSL-KDD. The hybrid framework enhances the performance of traditional and even a few deep-learning techniques, to provide a more secure IoT-cloud ecosystem. The results highlight the opportunity for integrating deep learning with a robust metaheuristic optimization approach for better efficiency and effectiveness in intrusion detection within digital infrastructures.
26	W4382491075	2023	https://doi.org/10.48550/arxiv.2306.15157	Revisiting Tropical Polynomial Division: Theory, Algorithms and Application to Neural Networks	arXiv (Cornell University)	preprint	Tropical geometry has recently found several applications in the analysis of neural networks with piecewise linear activation functions. This paper presents a new look at the problem of tropical polynomial division and its application to the simplification of neural networks. We analyze tropical polynomials with real coefficients, extending earlier ideas and methods developed for polynomials with integer coefficients. We first prove the existence of a unique quotient-remainder pair and characterize the quotient in terms of the convex bi-conjugate of a related function. Interestingly, the quotient of tropical polynomials with integer coefficients does not necessarily have integer coefficients. Furthermore, we develop a relationship of tropical polynomial division with the computation of the convex hull of unions of convex polyhedra and use it to derive an exact algorithm for tropical polynomial division. An approximate algorithm is also presented, based on an alternation between data partition and linear programming. We also develop special techniques to divide composite polynomials, described as sums or maxima of simpler ones. Finally, we present some numerical results to illustrate the efficiency of the algorithms proposed, using the MNIST handwritten digit and CIFAR-10 datasets.
27	W4322718476	2023	https://doi.org/10.48550/arxiv.2302.12828	SplineCam: Exact Visualization and Characterization of Deep Network Geometry and Decision Boundaries	arXiv (Cornell University)	preprint	Current Deep Network (DN) visualization and interpretability methods rely heavily on data space visualizations such as scoring which dimensions of the data are responsible for their associated prediction or generating new data features or samples that best match a given DN unit or representation. In this paper, we go one step further by developing the first provably exact method for computing the geometry of a DN's mapping - including its decision boundary - over a specified region of the data space. By leveraging the theory of Continuous Piece-Wise Linear (CPWL) spline DNs, SplineCam exactly computes a DNs geometry without resorting to approximations such as sampling or architecture simplification. SplineCam applies to any DN architecture based on CPWL nonlinearities, including (leaky-)ReLU, absolute value, maxout, and max-pooling and can also be applied to regression DNs such as implicit neural representations. Beyond decision boundary visualization and characterization, SplineCam enables one to compare architectures, measure generalizability and sample from the decision boundary on or off the manifold. Project Website: bit.ly/splinecam.
28	W4391506068	2024	https://doi.org/10.48550/arxiv.2402.00576	Tropical Decision Boundaries for Neural Networks Are Robust Against Adversarial Attacks	arXiv (Cornell University)	preprint	We introduce a simple, easy to implement, and computationally efficient tropical convolutional neural network architecture that is robust against adversarial attacks. We exploit the tropical nature of piece-wise linear neural networks by embedding the data in the tropical projective torus in a single hidden layer which can be added to any model. We study the geometry of its decision boundary theoretically and show its robustness against adversarial attacks on image datasets using computational experiments.
29	W4416452756	2025	https://doi.org/10.48550/arxiv.2505.16716	The Computational Complexity of Counting Linear Regions in ReLU Neural Networks	arXiv (Cornell University)	preprint	An established measure of the expressive power of a given ReLU neural network is the number of linear regions into which it partitions the input space. There exist many different, non-equivalent definitions of what a linear region actually is. We systematically assess which papers use which definitions and discuss how they relate to each other. We then analyze the computational complexity of counting the number of such regions for the various definitions. Generally, this turns out to be an intractable problem. We prove NP- and #P-hardness results already for networks with one hidden layer and strong hardness of approximation results for two or more hidden layers. Finally, on the algorithmic side, we demonstrate that counting linear regions can at least be achieved in polynomial space for some common definitions.
30	W7171601898	2026		Shallower ReLU Network Representations via Exact Linear Algebra	arXiv (Cornell University)	preprint	We prove that the maximum of $n$ real numbers is exactly representable by a ReLU network with two hidden layers for every $n\le 10$. The constructions are obtained by reducing the problem to exact rational linear algebra: after a symmetry reduction, the necessary cancellations are encoded in finite linear systems over $\mathbb{Q}$, which we solve and verify computationally. The representation of $\max_{10}$ has a structured first hidden layer consisting only of pairwise maxima, a feature that allows it to be recursively substituted into larger networks. We use this to show that for every $n>10$, the maximum $\max_{n}$ can be exactly represented with $\lceil{\log_5 (n / 2)\rceil}+1 < \log_5(n) +1.5694$ hidden layers. Via the generalized hinging-hyperplane representation [Wang, Sun, IEEE Trans. Inf. Theory 2005], the same depth bound holds for all continuous piecewise-linear functions on $\mathbb{R}^d$, with $d+1$ in place of $n$. In particular, every continuous piecewise-linear function on $\mathbb{R}^d$ for $d\le 9$ admits a two-hidden-layer ReLU representation. Our results improve on [Bakaev, Brunck, Hertrich, Stade, Yehudayoff, STOC'26]. In that work, the authors established a two-hidden-layer representation for $\max_{5}$ and an upper bound of $\lceil{\log_3 (n-2)\rceil}+1$ hidden layers for $\max_{n}$.
31	W3081025859	2020		Computational Methods for Predicting Protein-protein Interactions and Binding Sites	Scholarship@Western (Western University)	article	Proteins are essential to organisms and participate in virtually every process within cells. Quite often, they keep the cells functioning by interacting with other proteins. This process is called protein-protein interaction (PPI). The bonding amino acid residues during the process of protein-protein interactions are called PPI binding sites. Identifying PPIs and PPI binding sites are fundamental problems in system biology.\nExperimental methods for solving these two problems are slow and expensive. Therefore, great efforts are being made towards increasing the performance of computational methods.\nWe present DELPHI, a deep learning based program for PPI site prediction and SPRINT, an algorithmic based program for PPI prediction. Both programs have been compared to the state-of-the-art programs on several datasets. Both DELPHI and SPRINT are more accurate than the competing method. SPRINT is also orders of magnitudes faster while using very little memory.\nThe dataset and source code for both DELPHI and SPRINT are publicly available at: github.com/lucian-ilie and and www.csd.uwo.ca/~ilie/software.html
32	W2907332277	2018		DeepBall: Modeling expectation and uncertainty in baseball with recurrent neural networks	Illinois Digital Environment for Access to Learning and Scholarship (University of Illinois at Urbana-Champaign)	dissertation	Making reliable preseason batter projections for baseball players is an issue of utmost importance to both teams and fans who seek to infer a player's underlying talent or predict future performance. However, this has proven to be a difficult task due to the high-variance nature of baseball and the lack of abundant, clean data. For this reason, current leading models rely mostly upon expert knowledge. We propose DeepBall, which combines a recurrent neural network with novel regularization and ensemble aggregation. We compare this to Marcel, the industry-standard open-source baseline, and other traditional machine learning techniques, and DeepBall outperforms all. DeepBall is also easily extended to predict multiple years in the future. In addition to predicting expected performances, we apply standard machine learning techniques to extend DeepBall to model uncertainty in these predictions by estimating the maximum-likelihood distribution over potential outcomes for each player. Due to the positive results, we believe that in the future, DeepBall can be beneficial to both teams and fans in modeling expectation and uncertainty. Finally, we discuss potential extensions to the model and directions of future research.
33	W3140362864	2021		Assessment of Convolutional Neural Networks to Classify Freshwater Zooplankton	TSpace (University of Toronto)	dissertation	Zooplankton have been used as indicators of aquatic ecosystem health, but their identification using traditional microscopy can be time consuming. Machinery such as Yokogawa Fluid Imaging Technologies FlowCam allow for rapid imaging of microscopic particles, such as zooplankton. However, these machineries lack sophisticated algorithms like convolutional neural networks (CNNs) to classify images. Here, the efficacy of CNNs to classify six freshwater zooplankton species and a fiber-like particle with images obtained from a FlowCam Macro were examined. Oxford Visual Geometry Group (VGG) CNN architecture best suited our data. CNNs were found to have validation accuracies greater than 97%. The models were further tested with independent random mixtures of species and fiber-like particles, and they achieved accuracies ranging from 84.9% to 96.33% and F1-scores ranging from 82.43% to 95.02%. These results indicate that CNNs are promising tools for the rapid identification of zooplankton species.
34	W2766892611	2017	https://doi.org/10.4995/thesis/10251/90443	Neural Networks for Document Image and Text Processing		dissertation	After several years working on this Ph.D. and several internships is difficult to recall all the partners, colleagues, family and friends that have accompanied me during this trip; I hope I haven't forgotten anybody.
35	W3120157616	2020		Analyzing and Improving Very Deep Neural Networks: From Optimization, Generalization to Compression	Open Repository and Bibliography (University of Luxembourg)	dissertation	Learning-based approaches have recently become popular for various computer vision tasks such as facial expression recognition, action recognition, banknote identification, image captioning, medical image segmentation, etc. The learning-based approach allows the constructed model to learn features, which result in high performance. Recently, the backbone of most learning-based approaches are deep neural networks (DNNs). Importantly, it is believed that increasing the depth of DNNs invariably leads to improved generalization performance. Thus, many state-of-the-art DNNs have over 30 layers of feature representations. In fact, it is not uncommon to find DNNs with over 100 layers in the literature. However, training very DNNs that have over 15 layers is not trivial. On one hand, such very DNNs generally suffer optimization problems. On the other hand, very DNNs are often overparameterized such that they overfit the training data, and hence incur generalization loss. Moreover, overparameterized DNNs are impractical for applications that require low latency, small Graphic Processing Unit (GPU) memory for operation and small memory for storage. Interestingly, skip connections of various forms have been shown to alleviate the difficulty of optimizing very DNNs. In this thesis, we propose to improve the optimization and generalization of very DNNs with and without skip connections by reformulating their training schemes. Specifically, the different modifications proposed allow the DNNs to achieve state-of-the-art results on several benchmarking datasets. The second part of the thesis presents the theoretical analyses of DNNs without and with skip connections based on several concepts from linear algebra and random matrix theory. The theoretical results obtained provide new insights into why DNNs with skip connections are easy to optimize, and generalize better than DNNs without skip connections. Ultimately, the theoretical results are shown to agree with practical DNNs via extensive experiments. The third part of the thesis addresses the problem of compressing large DNNs into smaller models. Following the identified drawbacks of the conventional group LASSO for compressing large DNNs, the debiased elastic group least absolute shrinkage and selection operator (DEGL) is employed. Furthermore, the layer-wise subspace learning (SL) of latent representations in large DNNs is proposed. The objective of SL is learning a compressed latent space for large DNNs. In addition, it is observed that SL improves the performance of LASSO, which is popularly known not to work well for compressing large DNNs. Extensive experiments are reported to validate the effectiveness of the different model compression approaches proposed in this thesis. Finally, the thesis addresses the problem of multimodal learning using DNNs, where data from different modalities are combined into useful representations for improved learning results. Different interesting multimodal learning frameworks are applied to the problems of facial expression and object recognition. We show that under the right scenarios, the complementary information from multimodal data leads to better model performance.
